Date,Message
Jan 10 20:39:00,in
Jan 10 20:39:00,device
Jan 10 20:39:00,clusters
Jan 10 20:39:00,splash
Jan 10 20:39:00,GenuineIntel
Jan 10 20:39:00,AuthenticAMD
Jan 10 20:39:00,HygonGenuine
Jan 10 20:39:00,CentaurHauls
Jan 10 20:39:00,usable
Jan 10 20:39:00,reserved
Jan 10 20:39:00,reserved
Jan 10 20:39:00,usable
Jan 10 20:39:00,data
Jan 10 20:39:00,reserved
Jan 10 20:39:00,reserved
Jan 10 20:39:00,reserved
Jan 10 20:39:00,active
Jan 10 20:39:00,2006
Jan 10 20:39:00,KVM
Jan 10 20:39:00,4b564d00
Jan 10 20:39:00,cycles
Jan 10 20:39:00,ns
Jan 10 20:39:00,processor
Jan 10 20:39:00,reserved
Jan 10 20:39:00,usable
Jan 10 20:39:00,0x400000000
Jan 10 20:39:00,BIOS
Jan 10 20:39:00,disabled
Jan 10 20:39:00,000040
Jan 10 20:39:00,000040
Jan 10 20:39:00,found
Jan 10 20:39:00,empty
Jan 10 20:39:00,empty
Jan 10 20:39:00,node
Jan 10 20:39:00,ranges
Jan 10 20:39:00,ranges
Jan 10 20:39:00,ranges
Jan 10 20:39:00,ranges
Jan 10 20:39:00,0x4008
Jan 10 20:39:00,23
Jan 10 20:39:00,information
Jan 10 20:39:00,CPUs
Jan 10 20:39:00,devices
Jan 10 20:39:00,KVM
Jan 10 20:39:00,ns
Jan 10 20:39:00,1
Jan 10 20:39:00,u2097152
Jan 10 20:39:00,2097152
Jan 10 20:39:00,CPU
Jan 10 20:39:00,splash
Jan 10 20:39:00,done
Jan 10 20:39:00,515824
Jan 10 20:39:00,DMA32
Jan 10 20:39:00,off
Jan 10 20:39:00,1
Jan 10 20:39:00,pages
Jan 10 20:39:00,groups
Jan 10 20:39:00,voluntary
Jan 10 20:39:00,1
Jan 10 20:39:00,16
Jan 10 20:39:00,80x25
Jan 10 20:39:00,enabled
Jan 10 20:39:00,20230331
Jan 10 20:39:00,setup
Jan 10 20:39:00,enabled
Jan 10 20:39:00,1
Jan 10 20:39:00,ns
Jan 10 20:39:00,disabled
Jan 10 20:39:00,threads
Jan 10 20:39:00,512
Jan 10 20:39:00,0
Jan 10 20:39:00,sanitization
Jan 10 20:39:00,Retpolines
Jan 10 20:39:00,switch
Jan 10 20:39:00,VMEXIT
Jan 10 20:39:00,thunk
Jan 10 20:39:00,microcode
Jan 10 20:39:00,256
Jan 10 20:39:00,44K
Jan 10 20:39:00,301
Jan 10 20:39:00,integrity
Jan 10 20:39:00,initialized
Jan 10 20:39:00,1776
Jan 10 20:39:00,disabled
Jan 10 20:39:00,CPU
Jan 10 20:39:00,1
Jan 10 20:39:00,initialized
Jan 10 20:39:00,128MB
Jan 10 20:39:00,ns
Jan 10 20:39:00,subsystem
Jan 10 20:39:00,10
Jan 10 20:39:00,family
Jan 10 20:39:00,allocations
Jan 10 20:39:00,allocations
Jan 10 20:39:00,allocations
Jan 10 20:39:00,registered
Jan 10 20:39:00,ladder
Jan 10 20:39:00,menu
Jan 10 20:39:00,5
Jan 10 20:39:00,access
Jan 10 20:39:00,access
Jan 10 20:39:00,1
Jan 10 20:39:00,pages
Jan 10 20:39:00,page
Jan 10 20:39:00,loaded
Jan 10 20:39:00,enabled
Jan 10 20:39:00,routing
Jan 10 20:39:00,bug
Jan 10 20:39:00,windows
Jan 10 20:39:00,07
Jan 10 20:39:00,00
Jan 10 20:39:00,0x060000
Jan 10 20:39:00,0x060100
Jan 10 20:39:00,0x01018a
Jan 10 20:39:00,0x030000
Jan 10 20:39:00,0x020000
Jan 10 20:39:00,0x088000
Jan 10 20:39:00,0x040100
Jan 10 20:39:00,0x0c0310
Jan 10 20:39:00,0x068000
Jan 10 20:39:00,ACPI
Jan 10 20:39:00,SMB
Jan 10 20:39:00,0x0c0320
Jan 10 20:39:00,0x010601
Jan 10 20:39:00,11
Jan 10 20:39:00,10
Jan 10 20:39:00,9
Jan 10 20:39:00,11
Jan 10 20:39:00,Translated
Jan 10 20:39:00,mode
Jan 10 20:39:00,initialized
Jan 10 20:39:00,registered
Jan 10 20:39:00,usbfs
Jan 10 20:39:00,hub
Jan 10 20:39:00,usb
Jan 10 20:39:00,registered
Jan 10 20:39:00,registered
Jan 10 20:39:00,0
Jan 10 20:39:00,Initializing
Jan 10 20:39:00,128
Jan 10 20:39:00,CALIPSO
Jan 10 20:39:00,default
Jan 10 20:39:00,core
Jan 10 20:39:00,family
Jan 10 20:39:00,routing
Jan 10 20:39:00,bytes
Jan 10 20:39:00,device
Jan 10 20:39:00,possible
Jan 10 20:39:00,none
Jan 10 20:39:00,loaded
Jan 10 20:39:00,clock
Jan 10 20:39:00,0
Jan 10 20:39:00,Enabled
Jan 10 20:39:00,init
Jan 10 20:39:00,devices
Jan 10 20:39:00,ns
Jan 10 20:39:00,family
Jan 10 20:39:00,family
Jan 10 20:39:00,family
Jan 10 20:39:00,transfers
Jan 10 20:39:00,64
Jan 10 20:39:00,ns
Jan 10 20:39:00,tsc
Jan 10 20:39:00,keyrings
Jan 10 20:39:00,registered
Jan 10 20:39:00,0
Jan 10 20:39:00,loaded
Jan 10 20:39:00,Lougher
Jan 10 20:39:00,initialized
Jan 10 20:39:00,initialized
Jan 10 20:39:00,9
Jan 10 20:39:00,registered
Jan 10 20:39:00,registered
Jan 10 20:39:00,registered
Jan 10 20:39:00,4
Jan 10 20:39:00,input0
Jan 10 20:39:00,input1
Jan 10 20:39:00,enabled
Jan 10 20:39:00,103
Jan 10 20:39:00,loaded
Jan 10 20:39:00,13
Jan 10 20:39:00,ata_piix
Jan 10 20:39:00,ata_piix
Jan 10 20:39:00,14
Jan 10 20:39:00,15
Jan 10 20:39:00,6
Jan 10 20:39:00,2
Jan 10 20:39:00,controller
Jan 10 20:39:00,1
Jan 10 20:39:00,0xf0804000
Jan 10 20:39:00,05
Jan 10 20:39:00,1
Jan 10 20:39:00,controller
Jan 10 20:39:00,ohci_hcd
Jan 10 20:39:00,0
Jan 10 20:39:00,found
Jan 10 20:39:00,detected
Jan 10 20:39:00,12
Jan 10 20:39:00,1
Jan 10 20:39:00,12
Jan 10 20:39:00,Controller
Jan 10 20:39:00,2
Jan 10 20:39:00,0xf0805000
Jan 10 20:39:00,mice
Jan 10 20:39:00,input2
Jan 10 20:39:00,rtc0
Jan 10 20:39:00,nvram
Jan 10 20:39:00,driver
Jan 10 20:39:00,3
Jan 10 20:39:00,com
Jan 10 20:39:00,0
Jan 10 20:39:00,mainboard
Jan 10 20:39:00,1
Jan 10 20:39:00,2
Jan 10 20:39:00,3
Jan 10 20:39:00,4
Jan 10 20:39:00,5
Jan 10 20:39:00,6
Jan 10 20:39:00,7
Jan 10 20:39:00,8
Jan 10 20:39:00,cards
Jan 10 20:39:00,disabled
Jan 10 20:39:00,CPUs
Jan 10 20:39:00,service
Jan 10 20:39:00,00
Jan 10 20:39:00,05
Jan 10 20:39:00,1
Jan 10 20:39:00,Controller
Jan 10 20:39:00,ehci_hcd
Jan 10 20:39:00,0
Jan 10 20:39:00,found
Jan 10 20:39:00,detected
Jan 10 20:39:00,family
Jan 10 20:39:00,133
Jan 10 20:39:00,5
Jan 10 20:39:00,tray
Jan 10 20:39:00,20
Jan 10 20:39:00,sr0
Jan 10 20:39:00,5
Jan 10 20:39:00,pci
Jan 10 20:39:00,68068K
Jan 10 20:39:00,IPv6
Jan 10 20:39:00,IPv6
Jan 10 20:39:00,family
Jan 10 20:39:00,registered
Jan 10 20:39:00,enabled
Jan 10 20:39:00,1
Jan 10 20:39:00,certificates
Jan 10 20:39:00,certificates
Jan 10 20:39:00,registered
Jan 10 20:39:00,registered
Jan 10 20:39:00,registered
Jan 10 20:39:00,enabled
Jan 10 20:39:00,certificates
Jan 10 20:39:00,sha1
Jan 10 20:39:00,found
Jan 10 20:39:00,selinux
Jan 10 20:39:00,SMACK64
Jan 10 20:39:00,SMACK64EXEC
Jan 10 20:39:00,SMACK64TRANSMUTE
Jan 10 20:39:00,SMACK64MMAP
Jan 10 20:39:00,apparmor
Jan 10 20:39:00,ima
Jan 10 20:39:00,capability
Jan 10 20:39:00,0x1
Jan 10 20:39:00,632
Jan 10 20:39:00,clocks
Jan 10 20:39:00,2036K
Jan 10 20:39:00,4792K
Jan 10 20:39:00,34816k
Jan 10 20:39:00,1156K
Jan 10 20:39:00,process
Jan 10 20:39:00,init
Jan 10 20:39:00,splash
Jan 10 20:39:00,linux
Jan 10 20:39:00,generic
Jan 10 20:39:00,00
Jan 10 20:39:00,0
Jan 10 20:39:00,Tablet
Jan 10 20:39:00,VirtualBox
Jan 10 20:39:00,Kosina
Jan 10 20:39:00,input4
Jan 10 20:39:00,Driver
Jan 10 20:39:00,usbhid
Jan 10 20:39:00,driver
Jan 10 20:39:00,0
Jan 10 20:39:00,disabled
Jan 10 20:39:00,mode
Jan 10 20:39:00,0
Jan 10 20:39:00,ahci
Jan 10 20:39:00,21
Jan 10 20:39:00,input6
Jan 10 20:39:00,input0
Jan 10 20:39:00,input5
Jan 10 20:39:00,133
Jan 10 20:39:00,133
Jan 10 20:39:00,5
Jan 10 20:39:00,off
Jan 10 20:39:00,00
Jan 10 20:39:00,FUA
Jan 10 20:39:00,bytes
Jan 10 20:39:00,0
Jan 10 20:39:00,sda3
Jan 10 20:39:00,disk
Jan 10 20:39:00,d0
Jan 10 20:39:00,Connection
Jan 10 20:39:00,eth0
Jan 10 20:39:00,set
Jan 10 20:39:00,registered
Jan 10 20:39:00,found
Jan 10 20:39:00,FS
Jan 10 20:39:00,driver
Jan 10 20:39:00,console
Jan 10 20:39:00,80x25
Jan 10 20:39:00,kiB
Jan 10 20:39:00,kiB
Jan 10 20:39:00,kB
Jan 10 20:39:00,0
Jan 10 20:39:00,8192
Jan 10 20:39:00,1048576
Jan 10 20:39:00,kiB
Jan 10 20:39:00,initialized
Jan 10 20:39:00,0x00000355
Jan 10 20:39:00,0
Jan 10 20:39:00,device
Jan 10 20:39:00,160x50
Jan 10 20:39:00,device
Jan 10 20:39:00,8
Jan 10 20:39:00,129944
Jan 10 20:39:00,151296
Jan 10 20:39:00,485800
Jan 10 20:39:00,716176
Jan 10 20:39:00,994336
Jan 10 20:39:00,187776
Jan 10 20:39:00,25240
Jan 10 20:39:00,109072
Jan 10 20:39:00,904
Jan 10 20:39:00,0x8000000f
Jan 10 20:39:00,milliseconds
Jan 10 20:39:00,input7
Jan 10 20:39:00,1000
Jan 10 20:39:00,enabled
Jan 10 20:39:00,package
Jan 10 20:39:00,core
Jan 10 20:39:00,48000
Jan 10 20:39:00,suppressed
Jan 10 20:39:00,suppressed
Jan 10 20:39:00,AppArmor
Jan 10 20:39:00,profiles
Jan 10 20:39:00,e06d44b80b8f1d39a95c0b0d7c65d08458e880409bbc683457104237c7f8ec8d
Jan 10 20:39:00,test
Jan 10 20:39:00,rsyslogd
Jan 10 20:39:00,10
Jan 10 20:39:00,sequentially
Jan 10 20:39:00,layer
Jan 10 20:39:00,down
Jan 10 20:39:00,loaded
Jan 10 20:39:00,off
Jan 10 20:39:00,starting
Jan 10 20:39:00,111
Jan 10 20:39:00,104
Jan 10 20:39:00,start
Jan 10 20:39:01,apport
Jan 10 20:39:01,file
Jan 10 20:39:01,implemented
Jan 10 20:39:02,enabled
Jan 10 20:39:02,wpa_supplicant
Jan 10 20:39:02,directory
Jan 10 20:39:02,2
Jan 10 20:39:02,method
Jan 10 20:39:02,hostnamed
Jan 10 20:39:02,resolved
Jan 10 20:39:02,enabled
Jan 10 20:39:02,enabled
Jan 10 20:39:02,directory
Jan 10 20:39:02,file
Jan 10 20:39:02,file
Jan 10 20:39:02,file
Jan 10 20:39:02,unmanaged
Jan 10 20:39:02,exist
Jan 10 20:39:03,connected
Jan 10 20:39:03,RX
Jan 10 20:39:03,ifstate
Jan 10 20:39:03,connected
Jan 10 20:39:03,CONNECTING
Jan 10 20:39:03,15
Jan 10 20:39:03,CONNECTED_LOCAL
Jan 10 20:39:03,CONNECTED_SITE
Jan 10 20:39:03,DNS
Jan 10 20:39:03,yes
Jan 10 20:39:03,254
Jan 10 20:39:03,plugin
Jan 10 20:39:03,complete
Jan 10 20:39:03,lock
Jan 10 20:39:03,CONNECTED_GLOBAL
Jan 10 20:39:03,suppressed
Jan 10 20:39:04,5
Jan 10 20:39:04,bus
Jan 10 20:39:04,available
Jan 10 20:39:04,available
Jan 10 20:39:04,iw
Jan 10 20:39:04,a
Jan 10 20:39:04,trigger_all
Jan 10 20:39:04,handle_state
Jan 10 20:39:04,a
Jan 10 20:39:04,a
Jan 10 20:39:04,trigger_all
Jan 10 20:39:04,handle_state
Jan 10 20:39:04,a
Jan 10 20:39:05,file
Jan 10 20:39:05,file
Jan 10 20:39:05,8
Jan 10 20:39:06,enabled
Jan 10 20:39:06,available
Jan 10 20:39:06,plugin
Jan 10 20:39:07,failed
Jan 10 20:39:07,failed
Jan 10 20:39:07,failed
Jan 10 20:39:07,failed
Jan 10 20:39:08,server
Jan 10 20:39:10,directory
Jan 10 20:39:10,directory
Jan 10 20:39:10,directory
Jan 10 20:39:10,directory
Jan 10 20:39:12,accelerated
Jan 10 20:39:12,screen
Jan 10 20:39:12,screen
Jan 10 20:39:12,primary
Jan 10 20:39:13,deprecated
Jan 10 20:39:13,deprecated
Jan 10 20:39:13,screen
Jan 10 20:39:13,screen
Jan 10 20:39:15,c1
Jan 10 20:39:16,starting
Jan 10 20:39:16,start
Jan 10 20:39:16,loaded
Jan 10 20:39:16,loaded
Jan 10 20:39:16,loaded
Jan 10 20:39:17,directory
Jan 10 20:39:17,Registry
Jan 10 20:39:17,9
Jan 10 20:39:17,disabled
Jan 10 20:39:17,registered
Jan 10 20:39:17,1
Jan 10 20:39:17,1
Jan 10 20:39:17,1
Jan 10 20:39:18,geolocation
Jan 10 20:39:18,sw
Jan 10 20:39:21,change
Jan 10 20:39:22,23
Jan 10 20:39:23,suppressed
Jan 10 20:39:23,small
Jan 10 20:39:23,exiting
Jan 10 20:39:23,state
Jan 10 20:39:23,directory
Jan 10 20:39:23,0
Jan 10 20:39:23,hibernate
Jan 10 20:39:23,repeat
Jan 10 20:39:23,output
Jan 10 20:39:23,output
Jan 10 20:39:24,server
Jan 10 20:39:24,GDM
Jan 10 20:39:24,plugin
Jan 10 20:39:30,0
Jan 10 20:39:30,0
Jan 10 20:39:41,FAILURE
Jan 10 20:40:09,enabled
Jan 10 20:40:09,enabled
Jan 10 20:40:10,ssh
Jan 10 20:40:10,ssh
Jan 10 20:40:10,keyring
Jan 10 20:40:10,found
Jan 10 20:40:10,directory
Jan 10 20:40:10,directory
Jan 10 20:40:10,directory
Jan 10 20:40:10,directory
Jan 10 20:40:10,user
Jan 10 20:40:10,connection
Jan 10 20:40:10,canceled
Jan 10 20:40:11,ssh
Jan 10 20:40:11,ssh
Jan 10 20:40:11,ssh
Jan 10 20:40:11,process
Jan 10 20:40:11,process
Jan 10 20:40:11,server
Jan 10 20:40:11,accelerated
Jan 10 20:40:11,screen
Jan 10 20:40:11,screen
Jan 10 20:40:11,primary
Jan 10 20:40:12,2
Jan 10 20:40:13,starting
Jan 10 20:40:14,Registry
Jan 10 20:40:14,exiting
Jan 10 20:40:14,dev
Jan 10 20:40:14,state
Jan 10 20:40:15,client
Jan 10 20:40:15,manager
Jan 10 20:40:15,registered
Jan 10 20:40:15,disabled
Jan 10 20:40:15,geolocation
Jan 10 20:40:18,hibernate
Jan 10 20:40:18,repeat
Jan 10 20:40:18,output
Jan 10 20:40:18,output
Jan 10 20:40:18,output
Jan 10 20:40:18,GDM
Jan 10 20:40:19,failed
Jan 10 20:40:20,reached
Jan 10 20:40:20,reached
Jan 10 20:40:22,setup
Jan 10 20:40:22,disk
Jan 10 20:40:23,thumbnails
Jan 10 20:40:23,Yaru
Jan 10 20:40:23,installed
Jan 10 20:40:23,6
Jan 10 20:40:29,OK
Jan 10 20:40:32,directory
Jan 10 20:41:21,available
Jan 10 20:41:21,livepatch
Jan 10 20:41:21,Done
Jan 10 20:41:22,Done
Jan 10 20:41:22,Done
Jan 10 20:41:38,exiting
Jan 10 20:41:41,NULL
Jan 10 20:43:05,refused
Jan 10 20:43:05,refused
Jan 10 20:43:05,refused
Jan 10 20:43:06,FAILURE
Jan 10 20:43:16,file
Jan 10 20:43:16,configuration
Jan 10 20:43:16,file
Jan 10 20:43:16,configuration
Jan 10 20:43:16,file
Jan 10 20:43:16,configuration
Jan 10 20:43:30,file
Jan 10 20:43:30,configuration
Jan 10 20:43:30,file
Jan 10 20:43:30,configuration
Jan 10 20:43:30,file
Jan 10 20:43:30,configuration
Jan 10 20:43:30,file
Jan 10 20:43:30,configuration
Jan 10 20:43:30,file
Jan 10 20:43:30,configuration
Jan 10 20:43:30,file
Jan 10 20:43:30,configuration
Jan 10 20:43:30,file
Jan 10 20:43:30,configuration
Jan 10 20:43:30,file
Jan 10 20:43:30,configuration
Jan 10 20:43:33,directory
Jan 10 20:43:33,directory
Jan 10 20:43:33,directory
Jan 10 20:43:33,directory
Jan 10 20:43:35,file
Jan 10 20:43:36,configuration
Jan 10 20:43:36,file
Jan 10 20:43:36,configuration
Jan 10 20:43:36,file
Jan 10 20:43:36,configuration
Jan 10 20:43:36,file
Jan 10 20:43:36,configuration
Jan 10 20:43:36,file
Jan 10 20:43:36,configuration
Jan 10 20:43:36,file
Jan 10 20:43:36,configuration
Jan 10 20:43:36,configuration
Jan 10 20:43:36,configuration
Jan 10 20:43:36,file
Jan 10 20:43:36,configuration
Jan 10 20:43:36,file
Jan 10 20:43:36,configuration
Jan 10 20:43:38,configuration
Jan 10 20:43:38,directory
Jan 10 20:43:38,configuration
Jan 10 20:43:38,directory
Jan 10 20:43:38,directory
Jan 10 20:43:39,directory
Jan 10 20:43:47,configuration
Jan 10 20:43:50,directory
Jan 10 20:43:55,directory
Jan 10 20:43:55,directory
Jan 10 20:43:55,directory
Jan 10 20:43:55,directory
Jan 10 20:43:56,directory
Jan 10 20:43:56,directory
Jan 10 20:43:56,directory
Jan 10 20:43:56,directory
Jan 10 20:43:56,directory
Jan 10 20:43:56,directory
Jan 10 20:43:56,directory
Jan 10 20:43:56,directory
Jan 10 20:43:56,directory
Jan 10 20:43:59,started
Jan 10 20:44:00,10
Jan 10 20:44:00,terminated
Jan 10 20:44:07,changed
Jan 10 20:44:11,changed
Jan 10 20:44:15,changed
Jan 10 20:44:19,changed
Jan 10 20:44:25,changed
Jan 10 20:44:30,changed
Jan 10 20:44:34,changed
Jan 10 20:44:36,file
Jan 10 20:44:36,configuration
Jan 10 20:44:36,file
Jan 10 20:44:37,configuration
Jan 10 20:44:37,file
Jan 10 20:44:37,configuration
Jan 10 20:44:37,file
Jan 10 20:44:37,configuration
Jan 10 20:44:38,file
Jan 10 20:44:38,configuration
Jan 10 20:44:38,file
Jan 10 20:44:38,configuration
Jan 10 20:44:38,file
Jan 10 20:44:38,configuration
Jan 10 20:44:38,file
Jan 10 20:44:38,configuration
Jan 10 20:44:38,file
Jan 10 20:44:38,configuration
Jan 10 20:44:38,configuration
Jan 10 20:44:39,configuration
Jan 10 20:44:39,tracker_extract_info_get_max_text
Jan 10 20:44:39,tracker_extract_info_get_max_text
Jan 10 20:44:39,tracker_extract_info_get_max_text
Jan 10 20:44:39,tracker_extract_info_get_max_text
Jan 10 20:44:39,configuration
Jan 10 20:44:39,tracker_extract_info_get_max_text
Jan 10 20:44:39,configuration
Jan 10 20:44:39,tracker_extract_info_get_max_text
Jan 10 20:44:39,tracker_extract_info_get_max_text
Jan 10 20:44:39,configuration
Jan 10 20:44:39,configuration
Jan 10 20:44:43,down
Jan 10 20:46:10,file
Jan 10 20:46:10,configuration
Jan 10 20:46:23,suppressed
Jan 10 20:46:24,file
Jan 10 20:46:24,configuration
Jan 10 20:46:24,file
Jan 10 20:46:24,configuration
Jan 10 20:46:24,2
Jan 10 20:46:28,file
Jan 10 20:46:28,configuration
Jan 10 20:46:40,file
Jan 10 20:46:41,configuration
Jan 10 20:46:51,file
Jan 10 20:46:51,configuration
Jan 10 20:46:52,file
Jan 10 20:46:52,configuration
Jan 10 20:46:52,2
Jan 10 20:47:21,file
Jan 10 20:47:21,configuration
Jan 10 20:48:18,version
Jan 10 20:48:18,changelog
Jan 10 20:49:00,started
Jan 10 20:49:00,10
Jan 10 20:49:00,terminated
Jan 10 20:49:18,daemon
Jan 10 20:49:18,daemon
Jan 10 20:49:18,pk
Jan 10 20:49:19,c6f7d0cfa079458e89d6ed29fa1a1a4e
Jan 10 20:49:19,c6f7d0cfa079458e89d6ed29fa1a1a4e
Jan 10 20:49:19,c6f7d0cfa079458e89d6ed29fa1a1a4e
Jan 10 20:49:19,c6f7d0cfa079458e89d6ed29fa1a1a4e
Jan 10 20:49:19,required
Jan 10 20:49:19,required
Jan 10 20:49:20,c6f7d0cfa079458e89d6ed29fa1a1a4e
Jan 10 20:49:20,c6f7d0cfa079458e89d6ed29fa1a1a4e
Jan 10 20:49:20,c6f7d0cfa079458e89d6ed29fa1a1a4e
Jan 10 20:49:20,c6f7d0cfa079458e89d6ed29fa1a1a4e
Jan 10 20:49:33,SIGUSR1
Jan 10 20:49:33,Exited
Jan 10 20:50:04,splash
Jan 10 20:50:04,GenuineIntel
Jan 10 20:50:04,AuthenticAMD
Jan 10 20:50:04,HygonGenuine
Jan 10 20:50:04,CentaurHauls
Jan 10 20:50:04,usable
Jan 10 20:50:04,reserved
Jan 10 20:50:04,reserved
Jan 10 20:50:04,usable
Jan 10 20:50:04,data
Jan 10 20:50:04,reserved
Jan 10 20:50:04,reserved
Jan 10 20:50:04,reserved
Jan 10 20:50:04,active
Jan 10 20:50:04,2006
Jan 10 20:50:04,KVM
Jan 10 20:50:04,4b564d00
Jan 10 20:50:04,cycles
Jan 10 20:50:04,ns
Jan 10 20:50:04,processor
Jan 10 20:50:04,reserved
Jan 10 20:50:04,usable
Jan 10 20:50:04,0x400000000
Jan 10 20:50:04,BIOS
Jan 10 20:50:04,disabled
Jan 10 20:50:04,000040
Jan 10 20:50:04,000040
Jan 10 20:50:04,found
Jan 10 20:50:04,empty
Jan 10 20:50:04,empty
Jan 10 20:50:04,node
Jan 10 20:50:04,ranges
Jan 10 20:50:04,ranges
Jan 10 20:50:04,ranges
Jan 10 20:50:04,ranges
Jan 10 20:50:04,0x4008
Jan 10 20:50:04,23
Jan 10 20:50:04,information
Jan 10 20:50:04,CPUs
Jan 10 20:50:04,devices
Jan 10 20:50:04,KVM
Jan 10 20:50:04,ns
Jan 10 20:50:04,1
Jan 10 20:50:04,u2097152
Jan 10 20:50:04,2097152
Jan 10 20:50:04,CPU
Jan 10 20:50:04,splash
Jan 10 20:50:04,done
Jan 10 20:50:04,515824
Jan 10 20:50:04,DMA32
Jan 10 20:50:04,off
Jan 10 20:50:04,1
Jan 10 20:50:04,pages
Jan 10 20:50:04,groups
Jan 10 20:50:04,voluntary
Jan 10 20:50:04,1
Jan 10 20:50:04,16
Jan 10 20:50:04,80x25
Jan 10 20:50:04,enabled
Jan 10 20:50:04,20230331
Jan 10 20:50:04,setup
Jan 10 20:50:04,enabled
Jan 10 20:50:04,1
Jan 10 20:50:04,ns
Jan 10 20:50:04,disabled
Jan 10 20:50:04,threads
Jan 10 20:50:04,512
Jan 10 20:50:04,0
Jan 10 20:50:04,sanitization
Jan 10 20:50:04,Retpolines
Jan 10 20:50:04,switch
Jan 10 20:50:04,VMEXIT
Jan 10 20:50:04,thunk
Jan 10 20:50:04,microcode
Jan 10 20:50:04,256
Jan 10 20:50:04,44K
Jan 10 20:50:04,301
Jan 10 20:50:04,integrity
Jan 10 20:50:04,initialized
Jan 10 20:50:04,1776
Jan 10 20:50:04,disabled
Jan 10 20:50:04,CPU
Jan 10 20:50:04,1
Jan 10 20:50:04,initialized
Jan 10 20:50:04,128MB
Jan 10 20:50:04,ns
Jan 10 20:50:04,subsystem
Jan 10 20:50:04,10
Jan 10 20:50:04,family
Jan 10 20:50:04,allocations
Jan 10 20:50:04,allocations
Jan 10 20:50:04,allocations
Jan 10 20:50:04,registered
Jan 10 20:50:04,ladder
Jan 10 20:50:04,menu
Jan 10 20:50:04,5
Jan 10 20:50:04,access
Jan 10 20:50:04,access
Jan 10 20:50:04,1
Jan 10 20:50:04,pages
Jan 10 20:50:04,page
Jan 10 20:50:04,loaded
Jan 10 20:50:04,enabled
Jan 10 20:50:04,routing
Jan 10 20:50:04,bug
Jan 10 20:50:04,windows
Jan 10 20:50:04,07
Jan 10 20:50:04,00
Jan 10 20:50:04,0x060000
Jan 10 20:50:04,0x060100
Jan 10 20:50:04,0x01018a
Jan 10 20:50:04,0x030000
Jan 10 20:50:04,0x020000
Jan 10 20:50:04,0x088000
Jan 10 20:50:04,0x040100
Jan 10 20:50:04,0x0c0310
Jan 10 20:50:04,0x068000
Jan 10 20:50:04,ACPI
Jan 10 20:50:04,SMB
Jan 10 20:50:04,0x0c0320
Jan 10 20:50:04,0x010601
Jan 10 20:50:04,11
Jan 10 20:50:04,10
Jan 10 20:50:04,9
Jan 10 20:50:04,11
Jan 10 20:50:04,Translated
Jan 10 20:50:04,mode
Jan 10 20:50:04,initialized
Jan 10 20:50:04,registered
Jan 10 20:50:04,usbfs
Jan 10 20:50:04,hub
Jan 10 20:50:04,usb
Jan 10 20:50:04,registered
Jan 10 20:50:04,registered
Jan 10 20:50:04,0
Jan 10 20:50:04,Initializing
Jan 10 20:50:04,128
Jan 10 20:50:04,CALIPSO
Jan 10 20:50:04,default
Jan 10 20:50:04,core
Jan 10 20:50:04,family
Jan 10 20:50:04,routing
Jan 10 20:50:04,bytes
Jan 10 20:50:04,device
Jan 10 20:50:04,possible
Jan 10 20:50:04,none
Jan 10 20:50:04,loaded
Jan 10 20:50:04,clock
Jan 10 20:50:04,0
Jan 10 20:50:04,Enabled
Jan 10 20:50:04,init
Jan 10 20:50:04,devices
Jan 10 20:50:04,ns
Jan 10 20:50:04,family
Jan 10 20:50:04,family
Jan 10 20:50:04,family
Jan 10 20:50:04,transfers
Jan 10 20:50:04,64
Jan 10 20:50:04,ns
Jan 10 20:50:04,tsc
Jan 10 20:50:04,keyrings
Jan 10 20:50:04,registered
Jan 10 20:50:04,0
Jan 10 20:50:04,loaded
Jan 10 20:50:04,Lougher
Jan 10 20:50:04,initialized
Jan 10 20:50:04,initialized
Jan 10 20:50:04,registered
Jan 10 20:50:04,registered
Jan 10 20:50:04,registered
Jan 10 20:50:04,4
Jan 10 20:50:04,input0
Jan 10 20:50:04,input1
Jan 10 20:50:04,enabled
Jan 10 20:50:04,103
Jan 10 20:50:04,loaded
Jan 10 20:50:04,13
Jan 10 20:50:04,ata_piix
Jan 10 20:50:04,ata_piix
Jan 10 20:50:04,14
Jan 10 20:50:04,15
Jan 10 20:50:04,6
Jan 10 20:50:04,2
Jan 10 20:50:04,controller
Jan 10 20:50:04,1
Jan 10 20:50:04,0xf0804000
Jan 10 20:50:04,05
Jan 10 20:50:04,1
Jan 10 20:50:04,controller
Jan 10 20:50:04,ohci_hcd
Jan 10 20:50:04,0
Jan 10 20:50:04,found
Jan 10 20:50:04,detected
Jan 10 20:50:04,12
Jan 10 20:50:04,1
Jan 10 20:50:04,12
Jan 10 20:50:04,Controller
Jan 10 20:50:04,2
Jan 10 20:50:04,0xf0805000
Jan 10 20:50:04,mice
Jan 10 20:50:04,input2
Jan 10 20:50:04,rtc0
Jan 10 20:50:04,nvram
Jan 10 20:50:04,driver
Jan 10 20:50:04,3
Jan 10 20:50:04,com
Jan 10 20:50:04,0
Jan 10 20:50:04,mainboard
Jan 10 20:50:04,1
Jan 10 20:50:04,2
Jan 10 20:50:04,3
Jan 10 20:50:04,4
Jan 10 20:50:04,5
Jan 10 20:50:04,6
Jan 10 20:50:04,7
Jan 10 20:50:04,8
Jan 10 20:50:04,cards
Jan 10 20:50:04,disabled
Jan 10 20:50:04,CPUs
Jan 10 20:50:04,service
Jan 10 20:50:04,00
Jan 10 20:50:04,05
Jan 10 20:50:04,1
Jan 10 20:50:04,Controller
Jan 10 20:50:04,ehci_hcd
Jan 10 20:50:04,0
Jan 10 20:50:04,found
Jan 10 20:50:04,detected
Jan 10 20:50:04,family
Jan 10 20:50:04,133
Jan 10 20:50:04,5
Jan 10 20:50:04,tray
Jan 10 20:50:04,20
Jan 10 20:50:04,sr0
Jan 10 20:50:04,5
Jan 10 20:50:04,pci
Jan 10 20:50:04,68556K
Jan 10 20:50:04,IPv6
Jan 10 20:50:04,IPv6
Jan 10 20:50:04,family
Jan 10 20:50:04,registered
Jan 10 20:50:04,enabled
Jan 10 20:50:04,1
Jan 10 20:50:04,certificates
Jan 10 20:50:04,certificates
Jan 10 20:50:04,registered
Jan 10 20:50:04,registered
Jan 10 20:50:04,registered
Jan 10 20:50:04,enabled
Jan 10 20:50:04,certificates
Jan 10 20:50:04,sha1
Jan 10 20:50:04,found
Jan 10 20:50:04,selinux
Jan 10 20:50:04,SMACK64
Jan 10 20:50:04,SMACK64EXEC
Jan 10 20:50:04,SMACK64TRANSMUTE
Jan 10 20:50:04,SMACK64MMAP
Jan 10 20:50:04,apparmor
Jan 10 20:50:04,ima
Jan 10 20:50:04,capability
Jan 10 20:50:04,0x1
Jan 10 20:50:04,834
Jan 10 20:50:04,clocks
Jan 10 20:50:04,2036K
Jan 10 20:50:04,4792K
Jan 10 20:50:04,34816k
Jan 10 20:50:04,1156K
Jan 10 20:50:04,process
Jan 10 20:50:04,init
Jan 10 20:50:04,splash
Jan 10 20:50:04,linux
Jan 10 20:50:04,generic
Jan 10 20:50:04,00
Jan 10 20:50:04,0
Jan 10 20:50:04,Tablet
Jan 10 20:50:04,VirtualBox
Jan 10 20:50:04,Kosina
Jan 10 20:50:04,input4
Jan 10 20:50:04,Driver
Jan 10 20:50:04,0
Jan 10 20:50:04,usbhid
Jan 10 20:50:04,driver
Jan 10 20:50:04,0
Jan 10 20:50:04,disabled
Jan 10 20:50:04,mode
Jan 10 20:50:04,ahci
Jan 10 20:50:04,21
Jan 10 20:50:04,input6
Jan 10 20:50:04,input0
Jan 10 20:50:04,input5
Jan 10 20:50:04,133
Jan 10 20:50:04,133
Jan 10 20:50:04,5
Jan 10 20:50:04,off
Jan 10 20:50:04,00
Jan 10 20:50:04,FUA
Jan 10 20:50:04,bytes
Jan 10 20:50:04,0
Jan 10 20:50:04,sda3
Jan 10 20:50:04,disk
Jan 10 20:50:04,d0
Jan 10 20:50:04,Connection
Jan 10 20:50:04,eth0
Jan 10 20:50:04,set
Jan 10 20:50:04,registered
Jan 10 20:50:04,found
Jan 10 20:50:04,FS
Jan 10 20:50:04,driver
Jan 10 20:50:04,console
Jan 10 20:50:04,80x25
Jan 10 20:50:04,kiB
Jan 10 20:50:04,kiB
Jan 10 20:50:04,kB
Jan 10 20:50:04,0
Jan 10 20:50:04,8192
Jan 10 20:50:04,1048576
Jan 10 20:50:04,kiB
Jan 10 20:50:04,initialized
Jan 10 20:50:04,0x00000355
Jan 10 20:50:04,0
Jan 10 20:50:04,device
Jan 10 20:50:04,160x50
Jan 10 20:50:04,device
Jan 10 20:50:04,8
Jan 10 20:50:04,129944
Jan 10 20:50:04,151296
Jan 10 20:50:04,485800
Jan 10 20:50:04,716176
Jan 10 20:50:04,994336
Jan 10 20:50:04,187776
Jan 10 20:50:04,25240
Jan 10 20:50:04,109072
Jan 10 20:50:04,904
Jan 10 20:50:04,0x8000000f
Jan 10 20:50:04,milliseconds
Jan 10 20:50:04,input7
Jan 10 20:50:04,1000
Jan 10 20:50:04,enabled
Jan 10 20:50:04,package
Jan 10 20:50:04,core
Jan 10 20:50:04,48000
Jan 10 20:50:04,suppressed
Jan 10 20:50:04,in
Jan 10 20:50:04,device
Jan 10 20:50:04,clusters
Jan 10 20:50:04,AppArmor
Jan 10 20:50:04,profiles
Jan 10 20:50:04,e06d44b80b8f1d39a95c0b0d7c65d08458e880409bbc683457104237c7f8ec8d
Jan 10 20:50:04,test
Jan 10 20:50:04,rsyslogd
Jan 10 20:50:04,10
Jan 10 20:50:04,sequentially
Jan 10 20:50:04,layer
Jan 10 20:50:04,loaded
Jan 10 20:50:04,off
Jan 10 20:50:04,down
Jan 10 20:50:04,starting
Jan 10 20:50:04,111
Jan 10 20:50:04,104
Jan 10 20:50:04,start
Jan 10 20:50:05,file
Jan 10 20:50:05,implemented
Jan 10 20:50:05,apport
Jan 10 20:50:05,enabled
Jan 10 20:50:05,2
Jan 10 20:50:05,wpa_supplicant
Jan 10 20:50:06,directory
Jan 10 20:50:07,plugin
Jan 10 20:50:07,hostnamed
Jan 10 20:50:07,resolved
Jan 10 20:50:07,enabled
Jan 10 20:50:07,enabled
Jan 10 20:50:07,file
Jan 10 20:50:07,file
Jan 10 20:50:07,file
Jan 10 20:50:07,unmanaged
Jan 10 20:50:08,exist
Jan 10 20:50:08,connected
Jan 10 20:50:08,RX
Jan 10 20:50:08,bus
Jan 10 20:50:08,ifstate
Jan 10 20:50:08,connected
Jan 10 20:50:08,CONNECTING
Jan 10 20:50:08,5
Jan 10 20:50:08,15
Jan 10 20:50:08,CONNECTED_LOCAL
Jan 10 20:50:08,CONNECTED_SITE
Jan 10 20:50:08,DNS
Jan 10 20:50:08,yes
Jan 10 20:50:08,254
Jan 10 20:50:08,complete
Jan 10 20:50:08,available
Jan 10 20:50:08,available
Jan 10 20:50:09,lock
Jan 10 20:50:09,CONNECTED_GLOBAL
Jan 10 20:50:09,iw
Jan 10 20:50:09,a
Jan 10 20:50:09,trigger_all
Jan 10 20:50:09,handle_state
Jan 10 20:50:09,a
Jan 10 20:50:09,a
Jan 10 20:50:09,trigger_all
Jan 10 20:50:09,handle_state
Jan 10 20:50:09,a
Jan 10 20:50:09,file
Jan 10 20:50:09,file
Jan 10 20:50:09,8
Jan 10 20:50:10,available
Jan 10 20:50:11,enabled
Jan 10 20:50:11,plugin
Jan 10 20:50:12,failed
Jan 10 20:50:12,failed
Jan 10 20:50:12,failed
Jan 10 20:50:12,failed
Jan 10 20:50:13,server
Jan 10 20:50:15,accelerated
Jan 10 20:50:15,screen
Jan 10 20:50:16,screen
Jan 10 20:50:16,primary
Jan 10 20:50:17,deprecated
Jan 10 20:50:17,deprecated
Jan 10 20:50:17,screen
Jan 10 20:50:17,screen
Jan 10 20:50:18,FAILURE
Jan 10 20:50:19,c1
Jan 10 20:50:20,loaded
Jan 10 20:50:20,loaded
Jan 10 20:50:20,loaded
Jan 10 20:50:20,start
Jan 10 20:50:20,directory
Jan 10 20:50:20,Registry
Jan 10 20:50:20,9
Jan 10 20:50:20,disabled
Jan 10 20:50:20,registered
Jan 10 20:50:20,1
Jan 10 20:50:20,1
Jan 10 20:50:20,1
Jan 10 20:50:20,geolocation
Jan 10 20:50:20,sw
Jan 10 20:50:23,23
Jan 10 20:50:23,server
Jan 10 20:50:24,GDM
Jan 10 20:50:25,small
Jan 10 20:50:25,exiting
Jan 10 20:50:25,state
Jan 10 20:50:25,directory
Jan 10 20:50:25,0
Jan 10 20:50:25,repeat
Jan 10 20:50:25,hibernate
Jan 10 20:50:25,starting
Jan 10 20:50:25,output
Jan 10 20:50:26,output
Jan 10 20:50:44,enabled
Jan 10 20:50:44,enabled
Jan 10 20:50:45,ssh
Jan 10 20:50:45,ssh
Jan 10 20:50:45,keyring
Jan 10 20:50:45,found
Jan 10 20:50:46,ssh
Jan 10 20:50:46,ssh
Jan 10 20:50:46,ssh
Jan 10 20:50:46,server
Jan 10 20:50:46,accelerated
Jan 10 20:50:46,screen
Jan 10 20:50:46,screen
Jan 10 20:50:46,primary
Jan 10 20:50:46,starting
Jan 10 20:50:48,2
Jan 10 20:50:49,Registry
Jan 10 20:50:49,exiting
Jan 10 20:50:49,dev
Jan 10 20:50:50,state
Jan 10 20:50:50,disabled
Jan 10 20:50:50,client
Jan 10 20:50:50,manager
Jan 10 20:50:50,registered
Jan 10 20:50:50,geolocation
Jan 10 20:50:54,repeat
Jan 10 20:50:54,hibernate
Jan 10 20:50:54,output
Jan 10 20:50:54,output
Jan 10 20:50:54,output
Jan 10 20:50:54,GDM
Jan 10 20:50:54,failed
Jan 10 20:50:57,Yaru
Jan 10 20:50:57,installed
Jan 10 20:50:57,thumbnails
Jan 10 20:50:57,6
Jan 10 20:51:05,OK
Jan 10 20:51:55,available
Jan 10 20:51:55,livepatch
Jan 10 20:54:55,output
Jan 10 20:55:07,output
Jan 10 20:55:16,output
Jan 10 20:56:51,in
Jan 10 20:56:51,device
Jan 10 20:56:51,00
Jan 10 20:56:51,clusters
Jan 10 20:56:51,AppArmor
Jan 10 20:56:51,profiles
Jan 10 20:56:51,e06d44b80b8f1d39a95c0b0d7c65d08458e880409bbc683457104237c7f8ec8d
Jan 10 20:56:51,test
Jan 10 20:56:51,rsyslogd
Jan 10 20:56:51,splash
Jan 10 20:56:51,GenuineIntel
Jan 10 20:56:51,AuthenticAMD
Jan 10 20:56:51,HygonGenuine
Jan 10 20:56:51,CentaurHauls
Jan 10 20:56:51,usable
Jan 10 20:56:51,reserved
Jan 10 20:56:51,reserved
Jan 10 20:56:51,usable
Jan 10 20:56:51,data
Jan 10 20:56:51,reserved
Jan 10 20:56:51,reserved
Jan 10 20:56:51,reserved
Jan 10 20:56:51,active
Jan 10 20:56:51,2006
Jan 10 20:56:51,KVM
Jan 10 20:56:51,4b564d00
Jan 10 20:56:51,cycles
Jan 10 20:56:51,ns
Jan 10 20:56:51,processor
Jan 10 20:56:51,reserved
Jan 10 20:56:51,usable
Jan 10 20:56:51,0x400000000
Jan 10 20:56:51,BIOS
Jan 10 20:56:51,disabled
Jan 10 20:56:51,000040
Jan 10 20:56:51,000040
Jan 10 20:56:51,found
Jan 10 20:56:51,empty
Jan 10 20:56:51,empty
Jan 10 20:56:51,node
Jan 10 20:56:51,ranges
Jan 10 20:56:51,ranges
Jan 10 20:56:51,ranges
Jan 10 20:56:51,ranges
Jan 10 20:56:51,0x4008
Jan 10 20:56:51,23
Jan 10 20:56:51,information
Jan 10 20:56:51,CPUs
Jan 10 20:56:51,devices
Jan 10 20:56:51,KVM
Jan 10 20:56:51,ns
Jan 10 20:56:51,1
Jan 10 20:56:51,u2097152
Jan 10 20:56:51,2097152
Jan 10 20:56:51,CPU
Jan 10 20:56:51,splash
Jan 10 20:56:51,done
Jan 10 20:56:51,515824
Jan 10 20:56:51,DMA32
Jan 10 20:56:51,off
Jan 10 20:56:51,1
Jan 10 20:56:51,pages
Jan 10 20:56:51,groups
Jan 10 20:56:51,voluntary
Jan 10 20:56:51,1
Jan 10 20:56:51,16
Jan 10 20:56:51,80x25
Jan 10 20:56:51,enabled
Jan 10 20:56:51,20230331
Jan 10 20:56:51,setup
Jan 10 20:56:51,enabled
Jan 10 20:56:51,1
Jan 10 20:56:51,ns
Jan 10 20:56:51,disabled
Jan 10 20:56:51,threads
Jan 10 20:56:51,512
Jan 10 20:56:51,0
Jan 10 20:56:51,sanitization
Jan 10 20:56:51,Retpolines
Jan 10 20:56:51,switch
Jan 10 20:56:51,VMEXIT
Jan 10 20:56:51,thunk
Jan 10 20:56:51,microcode
Jan 10 20:56:51,256
Jan 10 20:56:51,44K
Jan 10 20:56:51,301
Jan 10 20:56:51,integrity
Jan 10 20:56:51,initialized
Jan 10 20:56:51,1776
Jan 10 20:56:51,disabled
Jan 10 20:56:51,CPU
Jan 10 20:56:51,1
Jan 10 20:56:51,initialized
Jan 10 20:56:51,128MB
Jan 10 20:56:51,ns
Jan 10 20:56:51,subsystem
Jan 10 20:56:51,10
Jan 10 20:56:51,family
Jan 10 20:56:51,allocations
Jan 10 20:56:51,allocations
Jan 10 20:56:51,allocations
Jan 10 20:56:51,registered
Jan 10 20:56:51,ladder
Jan 10 20:56:51,menu
Jan 10 20:56:51,5
Jan 10 20:56:51,access
Jan 10 20:56:51,access
Jan 10 20:56:51,1
Jan 10 20:56:51,pages
Jan 10 20:56:51,page
Jan 10 20:56:51,loaded
Jan 10 20:56:51,enabled
Jan 10 20:56:51,routing
Jan 10 20:56:51,bug
Jan 10 20:56:51,windows
Jan 10 20:56:51,07
Jan 10 20:56:51,00
Jan 10 20:56:51,0x060000
Jan 10 20:56:51,0x060100
Jan 10 20:56:51,0x01018a
Jan 10 20:56:51,0x030000
Jan 10 20:56:51,0x020000
Jan 10 20:56:51,0x088000
Jan 10 20:56:51,0x040100
Jan 10 20:56:51,0x0c0310
Jan 10 20:56:51,0x068000
Jan 10 20:56:51,ACPI
Jan 10 20:56:51,SMB
Jan 10 20:56:51,0x020000
Jan 10 20:56:51,0x0c0320
Jan 10 20:56:51,0x010601
Jan 10 20:56:51,11
Jan 10 20:56:51,10
Jan 10 20:56:51,9
Jan 10 20:56:51,11
Jan 10 20:56:51,Translated
Jan 10 20:56:51,mode
Jan 10 20:56:51,initialized
Jan 10 20:56:51,registered
Jan 10 20:56:51,usbfs
Jan 10 20:56:51,hub
Jan 10 20:56:51,usb
Jan 10 20:56:51,registered
Jan 10 20:56:51,registered
Jan 10 20:56:51,0
Jan 10 20:56:51,Initializing
Jan 10 20:56:51,128
Jan 10 20:56:51,CALIPSO
Jan 10 20:56:51,default
Jan 10 20:56:51,core
Jan 10 20:56:51,family
Jan 10 20:56:51,routing
Jan 10 20:56:51,bytes
Jan 10 20:56:51,device
Jan 10 20:56:51,possible
Jan 10 20:56:51,none
Jan 10 20:56:51,loaded
Jan 10 20:56:51,clock
Jan 10 20:56:51,0
Jan 10 20:56:51,Enabled
Jan 10 20:56:51,init
Jan 10 20:56:51,devices
Jan 10 20:56:51,ns
Jan 10 20:56:51,family
Jan 10 20:56:51,family
Jan 10 20:56:51,family
Jan 10 20:56:51,transfers
Jan 10 20:56:51,64
Jan 10 20:56:51,ns
Jan 10 20:56:51,tsc
Jan 10 20:56:51,keyrings
Jan 10 20:56:51,registered
Jan 10 20:56:51,0
Jan 10 20:56:51,loaded
Jan 10 20:56:51,Lougher
Jan 10 20:56:51,initialized
Jan 10 20:56:51,initialized
Jan 10 20:56:51,registered
Jan 10 20:56:51,registered
Jan 10 20:56:51,registered
Jan 10 20:56:51,4
Jan 10 20:56:51,input0
Jan 10 20:56:51,input1
Jan 10 20:56:51,enabled
Jan 10 20:56:51,103
Jan 10 20:56:51,loaded
Jan 10 20:56:51,13
Jan 10 20:56:51,ata_piix
Jan 10 20:56:51,ata_piix
Jan 10 20:56:51,14
Jan 10 20:56:51,15
Jan 10 20:56:51,6
Jan 10 20:56:51,2
Jan 10 20:56:51,controller
Jan 10 20:56:51,1
Jan 10 20:56:51,0xf0804000
Jan 10 20:56:51,05
Jan 10 20:56:51,1
Jan 10 20:56:51,controller
Jan 10 20:56:51,ohci_hcd
Jan 10 20:56:51,0
Jan 10 20:56:51,found
Jan 10 20:56:51,detected
Jan 10 20:56:51,Controller
Jan 10 20:56:51,2
Jan 10 20:56:51,0xf0840000
Jan 10 20:56:51,12
Jan 10 20:56:51,1
Jan 10 20:56:51,12
Jan 10 20:56:51,mice
Jan 10 20:56:51,input2
Jan 10 20:56:51,rtc0
Jan 10 20:56:51,nvram
Jan 10 20:56:51,driver
Jan 10 20:56:51,3
Jan 10 20:56:51,com
Jan 10 20:56:51,0
Jan 10 20:56:51,mainboard
Jan 10 20:56:51,1
Jan 10 20:56:51,2
Jan 10 20:56:51,3
Jan 10 20:56:51,4
Jan 10 20:56:51,5
Jan 10 20:56:51,6
Jan 10 20:56:51,7
Jan 10 20:56:51,8
Jan 10 20:56:51,cards
Jan 10 20:56:51,disabled
Jan 10 20:56:51,CPUs
Jan 10 20:56:51,service
Jan 10 20:56:51,00
Jan 10 20:56:51,05
Jan 10 20:56:51,1
Jan 10 20:56:51,Controller
Jan 10 20:56:51,ehci_hcd
Jan 10 20:56:51,0
Jan 10 20:56:51,found
Jan 10 20:56:51,detected
Jan 10 20:56:51,family
Jan 10 20:56:51,133
Jan 10 20:56:51,5
Jan 10 20:56:51,tray
Jan 10 20:56:51,20
Jan 10 20:56:51,sr0
Jan 10 20:56:51,5
Jan 10 20:56:51,pci
Jan 10 20:56:51,68556K
Jan 10 20:56:51,IPv6
Jan 10 20:56:51,IPv6
Jan 10 20:56:51,family
Jan 10 20:56:51,registered
Jan 10 20:56:51,enabled
Jan 10 20:56:51,1
Jan 10 20:56:51,certificates
Jan 10 20:56:51,certificates
Jan 10 20:56:51,registered
Jan 10 20:56:51,registered
Jan 10 20:56:51,registered
Jan 10 20:56:51,enabled
Jan 10 20:56:51,certificates
Jan 10 20:56:51,sha1
Jan 10 20:56:51,found
Jan 10 20:56:51,selinux
Jan 10 20:56:51,SMACK64
Jan 10 20:56:51,SMACK64EXEC
Jan 10 20:56:51,SMACK64TRANSMUTE
Jan 10 20:56:51,SMACK64MMAP
Jan 10 20:56:51,apparmor
Jan 10 20:56:51,ima
Jan 10 20:56:51,capability
Jan 10 20:56:51,0x1
Jan 10 20:56:51,935
Jan 10 20:56:51,clocks
Jan 10 20:56:51,2036K
Jan 10 20:56:51,4792K
Jan 10 20:56:51,34816k
Jan 10 20:56:51,1156K
Jan 10 20:56:51,process
Jan 10 20:56:51,init
Jan 10 20:56:51,splash
Jan 10 20:56:51,linux
Jan 10 20:56:51,generic
Jan 10 20:56:51,00
Jan 10 20:56:51,0
Jan 10 20:56:51,Tablet
Jan 10 20:56:51,VirtualBox
Jan 10 20:56:51,input4
Jan 10 20:56:51,0
Jan 10 20:56:51,Driver
Jan 10 20:56:51,0
Jan 10 20:56:51,disabled
Jan 10 20:56:51,mode
Jan 10 20:56:51,ahci
Jan 10 20:56:51,21
Jan 10 20:56:51,Kosina
Jan 10 20:56:51,input5
Jan 10 20:56:51,133
Jan 10 20:56:51,133
Jan 10 20:56:51,5
Jan 10 20:56:51,off
Jan 10 20:56:51,00
Jan 10 20:56:51,FUA
Jan 10 20:56:51,bytes
Jan 10 20:56:51,0
Jan 10 20:56:51,sda3
Jan 10 20:56:51,disk
Jan 10 20:56:51,usbhid
Jan 10 20:56:51,driver
Jan 10 20:56:51,input6
Jan 10 20:56:51,input0
Jan 10 20:56:51,d0
Jan 10 20:56:51,Connection
Jan 10 20:56:51,16
Jan 10 20:56:51,Connection
Jan 10 20:56:51,eth1
Jan 10 20:56:51,eth0
Jan 10 20:56:51,set
Jan 10 20:56:51,registered
Jan 10 20:56:51,FS
Jan 10 20:56:51,found
Jan 10 20:56:51,driver
Jan 10 20:56:51,console
Jan 10 20:56:51,80x25
Jan 10 20:56:51,kiB
Jan 10 20:56:51,kiB
Jan 10 20:56:51,kB
Jan 10 20:56:51,0
Jan 10 20:56:51,8192
Jan 10 20:56:51,1048576
Jan 10 20:56:51,kiB
Jan 10 20:56:51,initialized
Jan 10 20:56:51,0x00000355
Jan 10 20:56:51,0
Jan 10 20:56:51,device
Jan 10 20:56:51,160x50
Jan 10 20:56:51,device
Jan 10 20:56:51,8
Jan 10 20:56:51,485800
Jan 10 20:56:51,129944
Jan 10 20:56:51,716176
Jan 10 20:56:51,151296
Jan 10 20:56:51,994336
Jan 10 20:56:51,187776
Jan 10 20:56:51,25240
Jan 10 20:56:51,109072
Jan 10 20:56:51,904
Jan 10 20:56:51,0x8000000f
Jan 10 20:56:51,milliseconds
Jan 10 20:56:51,input7
Jan 10 20:56:51,1000
Jan 10 20:56:51,enabled
Jan 10 20:56:51,package
Jan 10 20:56:51,core
Jan 10 20:56:51,48000
Jan 10 20:56:51,10
Jan 10 20:56:51,layer
Jan 10 20:56:51,sequentially
Jan 10 20:56:51,loaded
Jan 10 20:56:51,off
Jan 10 20:56:51,111
Jan 10 20:56:51,104
Jan 10 20:56:51,start
Jan 10 20:56:51,down
Jan 10 20:56:51,starting
Jan 10 20:56:51,apport
Jan 10 20:56:51,file
Jan 10 20:56:51,implemented
Jan 10 20:56:52,enabled
Jan 10 20:56:52,2
Jan 10 20:56:52,wpa_supplicant
Jan 10 20:56:53,directory
Jan 10 20:56:53,plugin
Jan 10 20:56:53,hostnamed
Jan 10 20:56:53,resolved
Jan 10 20:56:53,enabled
Jan 10 20:56:53,enabled
Jan 10 20:56:54,file
Jan 10 20:56:54,file
Jan 10 20:56:54,file
Jan 10 20:56:54,5
Jan 10 20:56:54,unmanaged
Jan 10 20:56:54,bus
Jan 10 20:56:54,exist
Jan 10 20:56:54,connected
Jan 10 20:56:54,RX
Jan 10 20:56:55,RX
Jan 10 20:56:55,ifstate
Jan 10 20:56:55,connected
Jan 10 20:56:55,connected
Jan 10 20:56:55,available
Jan 10 20:56:55,CONNECTING
Jan 10 20:56:55,15
Jan 10 20:56:55,107
Jan 10 20:56:55,DNS
Jan 10 20:56:55,yes
Jan 10 20:56:55,254
Jan 10 20:56:55,CONNECTED_SITE
Jan 10 20:56:55,complete
Jan 10 20:56:55,suppressed
Jan 10 20:56:56,lock
Jan 10 20:56:56,iw
Jan 10 20:56:56,CONNECTED_GLOBAL
Jan 10 20:56:56,a
Jan 10 20:56:56,trigger_all
Jan 10 20:56:56,handle_state
Jan 10 20:56:56,a
Jan 10 20:56:56,a
Jan 10 20:56:56,trigger_all
Jan 10 20:56:56,handle_state
Jan 10 20:56:56,a
Jan 10 20:56:56,a
Jan 10 20:56:56,trigger_all
Jan 10 20:56:56,handle_state
Jan 10 20:56:56,a
Jan 10 20:56:56,file
Jan 10 20:56:56,file
Jan 10 20:56:56,8
Jan 10 20:56:57,available
Jan 10 20:56:57,plugin
Jan 10 20:56:57,plugin
Jan 10 20:56:58,enabled
Jan 10 20:56:59,failed
Jan 10 20:56:59,failed
Jan 10 20:56:59,failed
Jan 10 20:56:59,failed
Jan 10 20:57:01,FAILURE
Jan 10 20:57:01,server
Jan 10 20:57:03,accelerated
Jan 10 20:57:03,screen
Jan 10 20:57:03,screen
Jan 10 20:57:03,primary
Jan 10 20:57:04,deprecated
Jan 10 20:57:04,deprecated
Jan 10 20:57:04,screen
Jan 10 20:57:04,screen
Jan 10 20:57:05,c1
Jan 10 20:57:06,loaded
Jan 10 20:57:06,loaded
Jan 10 20:57:06,loaded
Jan 10 20:57:06,start
Jan 10 20:57:06,directory
Jan 10 20:57:06,Registry
Jan 10 20:57:06,9
Jan 10 20:57:07,disabled
Jan 10 20:57:07,1
Jan 10 20:57:07,1
Jan 10 20:57:07,1
Jan 10 20:57:07,registered
Jan 10 20:57:07,geolocation
Jan 10 20:57:07,sw
Jan 10 20:57:10,23
Jan 10 20:57:10,server
Jan 10 20:57:11,GDM
Jan 10 20:57:11,exiting
Jan 10 20:57:11,state
Jan 10 20:57:11,small
Jan 10 20:57:11,directory
Jan 10 20:57:11,0
Jan 10 20:57:11,hibernate
Jan 10 20:57:11,repeat
Jan 10 20:57:12,output
Jan 10 20:57:12,output
Jan 10 20:57:12,starting
Jan 10 20:57:18,enabled
Jan 10 20:57:18,enabled
Jan 10 20:57:18,ssh
Jan 10 20:57:18,keyring
Jan 10 20:57:18,found
Jan 10 20:57:21,ssh
Jan 10 20:57:21,ssh
Jan 10 20:57:21,process
Jan 10 20:57:21,process
Jan 10 20:57:21,ssh
Jan 10 20:57:21,server
Jan 10 20:57:22,accelerated
Jan 10 20:57:22,screen
Jan 10 20:57:22,screen
Jan 10 20:57:22,primary
Jan 10 20:57:22,starting
Jan 10 20:57:23,2
Jan 10 20:57:25,Registry
Jan 10 20:57:25,exiting
Jan 10 20:57:25,dev
Jan 10 20:57:25,state
Jan 10 20:57:26,disabled
Jan 10 20:57:26,client
Jan 10 20:57:26,manager
Jan 10 20:57:26,registered
Jan 10 20:57:26,geolocation
Jan 10 20:57:29,repeat
Jan 10 20:57:29,hibernate
Jan 10 20:57:29,output
Jan 10 20:57:29,output
Jan 10 20:57:29,output
Jan 10 20:57:29,GDM
Jan 10 20:57:29,failed
Jan 10 20:57:31,Yaru
Jan 10 20:57:31,installed
Jan 10 20:57:32,thumbnails
Jan 10 20:57:32,6
Jan 10 21:03:04,splash
Jan 10 21:03:04,GenuineIntel
Jan 10 21:03:04,AuthenticAMD
Jan 10 21:03:04,HygonGenuine
Jan 10 21:03:04,CentaurHauls
Jan 10 21:03:04,usable
Jan 10 21:03:04,reserved
Jan 10 21:03:04,reserved
Jan 10 21:03:04,usable
Jan 10 21:03:04,data
Jan 10 21:03:04,reserved
Jan 10 21:03:04,reserved
Jan 10 21:03:04,reserved
Jan 10 21:03:04,active
Jan 10 21:03:04,2006
Jan 10 21:03:04,KVM
Jan 10 21:03:04,4b564d00
Jan 10 21:03:04,cycles
Jan 10 21:03:04,ns
Jan 10 21:03:04,processor
Jan 10 21:03:04,reserved
Jan 10 21:03:04,usable
Jan 10 21:03:04,0x400000000
Jan 10 21:03:04,BIOS
Jan 10 21:03:04,disabled
Jan 10 21:03:04,000040
Jan 10 21:03:04,000040
Jan 10 21:03:04,found
Jan 10 21:03:04,empty
Jan 10 21:03:04,empty
Jan 10 21:03:04,node
Jan 10 21:03:04,ranges
Jan 10 21:03:04,ranges
Jan 10 21:03:04,ranges
Jan 10 21:03:04,ranges
Jan 10 21:03:04,0x4008
Jan 10 21:03:04,23
Jan 10 21:03:04,information
Jan 10 21:03:04,CPUs
Jan 10 21:03:04,devices
Jan 10 21:03:04,KVM
Jan 10 21:03:04,ns
Jan 10 21:03:04,1
Jan 10 21:03:04,u2097152
Jan 10 21:03:04,2097152
Jan 10 21:03:04,CPU
Jan 10 21:03:04,splash
Jan 10 21:03:04,done
Jan 10 21:03:04,515824
Jan 10 21:03:04,DMA32
Jan 10 21:03:04,off
Jan 10 21:03:04,1
Jan 10 21:03:04,pages
Jan 10 21:03:04,groups
Jan 10 21:03:04,voluntary
Jan 10 21:03:04,1
Jan 10 21:03:04,16
Jan 10 21:03:04,80x25
Jan 10 21:03:04,enabled
Jan 10 21:03:04,20230331
Jan 10 21:03:04,setup
Jan 10 21:03:04,enabled
Jan 10 21:03:04,1
Jan 10 21:03:04,ns
Jan 10 21:03:04,disabled
Jan 10 21:03:04,threads
Jan 10 21:03:04,512
Jan 10 21:03:04,0
Jan 10 21:03:04,sanitization
Jan 10 21:03:04,Retpolines
Jan 10 21:03:04,switch
Jan 10 21:03:04,VMEXIT
Jan 10 21:03:04,thunk
Jan 10 21:03:04,microcode
Jan 10 21:03:04,256
Jan 10 21:03:04,44K
Jan 10 21:03:04,301
Jan 10 21:03:04,integrity
Jan 10 21:03:04,initialized
Jan 10 21:03:04,1776
Jan 10 21:03:04,disabled
Jan 10 21:03:04,CPU
Jan 10 21:03:04,1
Jan 10 21:03:04,initialized
Jan 10 21:03:04,128MB
Jan 10 21:03:04,ns
Jan 10 21:03:04,subsystem
Jan 10 21:03:04,10
Jan 10 21:03:04,family
Jan 10 21:03:04,allocations
Jan 10 21:03:04,allocations
Jan 10 21:03:04,allocations
Jan 10 21:03:04,registered
Jan 10 21:03:04,ladder
Jan 10 21:03:04,menu
Jan 10 21:03:04,5
Jan 10 21:03:04,access
Jan 10 21:03:04,access
Jan 10 21:03:04,1
Jan 10 21:03:04,pages
Jan 10 21:03:04,page
Jan 10 21:03:04,loaded
Jan 10 21:03:04,enabled
Jan 10 21:03:04,routing
Jan 10 21:03:04,bug
Jan 10 21:03:04,windows
Jan 10 21:03:04,07
Jan 10 21:03:04,00
Jan 10 21:03:04,0x060000
Jan 10 21:03:04,0x060100
Jan 10 21:03:04,0x01018a
Jan 10 21:03:04,0x030000
Jan 10 21:03:04,0x020000
Jan 10 21:03:04,0x088000
Jan 10 21:03:04,0x040100
Jan 10 21:03:04,0x0c0310
Jan 10 21:03:04,0x068000
Jan 10 21:03:04,ACPI
Jan 10 21:03:04,SMB
Jan 10 21:03:04,0x020000
Jan 10 21:03:04,0x0c0320
Jan 10 21:03:04,0x010601
Jan 10 21:03:04,11
Jan 10 21:03:04,10
Jan 10 21:03:04,9
Jan 10 21:03:04,11
Jan 10 21:03:04,Translated
Jan 10 21:03:04,mode
Jan 10 21:03:04,initialized
Jan 10 21:03:04,registered
Jan 10 21:03:04,usbfs
Jan 10 21:03:04,hub
Jan 10 21:03:04,usb
Jan 10 21:03:04,registered
Jan 10 21:03:04,registered
Jan 10 21:03:04,0
Jan 10 21:03:04,Initializing
Jan 10 21:03:04,128
Jan 10 21:03:04,CALIPSO
Jan 10 21:03:04,default
Jan 10 21:03:04,core
Jan 10 21:03:04,family
Jan 10 21:03:04,routing
Jan 10 21:03:04,bytes
Jan 10 21:03:04,device
Jan 10 21:03:04,possible
Jan 10 21:03:04,none
Jan 10 21:03:04,loaded
Jan 10 21:03:04,clock
Jan 10 21:03:04,0
Jan 10 21:03:04,Enabled
Jan 10 21:03:04,init
Jan 10 21:03:04,devices
Jan 10 21:03:04,ns
Jan 10 21:03:04,family
Jan 10 21:03:04,family
Jan 10 21:03:04,family
Jan 10 21:03:04,transfers
Jan 10 21:03:04,64
Jan 10 21:03:04,ns
Jan 10 21:03:04,tsc
Jan 10 21:03:04,keyrings
Jan 10 21:03:04,registered
Jan 10 21:03:04,0
Jan 10 21:03:04,loaded
Jan 10 21:03:04,Lougher
Jan 10 21:03:04,initialized
Jan 10 21:03:04,initialized
Jan 10 21:03:04,9
Jan 10 21:03:04,registered
Jan 10 21:03:04,registered
Jan 10 21:03:04,registered
Jan 10 21:03:04,4
Jan 10 21:03:04,input0
Jan 10 21:03:04,input1
Jan 10 21:03:04,enabled
Jan 10 21:03:04,103
Jan 10 21:03:04,loaded
Jan 10 21:03:04,13
Jan 10 21:03:04,ata_piix
Jan 10 21:03:04,ata_piix
Jan 10 21:03:04,14
Jan 10 21:03:04,15
Jan 10 21:03:04,6
Jan 10 21:03:04,2
Jan 10 21:03:04,controller
Jan 10 21:03:04,1
Jan 10 21:03:04,0xf0804000
Jan 10 21:03:04,05
Jan 10 21:03:04,1
Jan 10 21:03:04,controller
Jan 10 21:03:04,ohci_hcd
Jan 10 21:03:04,0
Jan 10 21:03:04,found
Jan 10 21:03:04,detected
Jan 10 21:03:04,Controller
Jan 10 21:03:04,2
Jan 10 21:03:04,0xf0840000
Jan 10 21:03:04,12
Jan 10 21:03:04,1
Jan 10 21:03:04,12
Jan 10 21:03:04,mice
Jan 10 21:03:04,input2
Jan 10 21:03:04,rtc0
Jan 10 21:03:04,nvram
Jan 10 21:03:04,driver
Jan 10 21:03:04,3
Jan 10 21:03:04,com
Jan 10 21:03:04,0
Jan 10 21:03:04,mainboard
Jan 10 21:03:04,1
Jan 10 21:03:04,2
Jan 10 21:03:04,3
Jan 10 21:03:04,4
Jan 10 21:03:04,5
Jan 10 21:03:04,6
Jan 10 21:03:04,7
Jan 10 21:03:04,8
Jan 10 21:03:04,cards
Jan 10 21:03:04,disabled
Jan 10 21:03:04,CPUs
Jan 10 21:03:04,service
Jan 10 21:03:04,00
Jan 10 21:03:04,05
Jan 10 21:03:04,1
Jan 10 21:03:04,Controller
Jan 10 21:03:04,ehci_hcd
Jan 10 21:03:04,0
Jan 10 21:03:04,found
Jan 10 21:03:04,detected
Jan 10 21:03:04,family
Jan 10 21:03:04,133
Jan 10 21:03:04,5
Jan 10 21:03:04,tray
Jan 10 21:03:04,20
Jan 10 21:03:04,sr0
Jan 10 21:03:04,5
Jan 10 21:03:04,pci
Jan 10 21:03:04,68556K
Jan 10 21:03:04,IPv6
Jan 10 21:03:04,IPv6
Jan 10 21:03:04,family
Jan 10 21:03:04,registered
Jan 10 21:03:04,enabled
Jan 10 21:03:04,1
Jan 10 21:03:04,certificates
Jan 10 21:03:04,certificates
Jan 10 21:03:04,registered
Jan 10 21:03:04,registered
Jan 10 21:03:04,registered
Jan 10 21:03:04,enabled
Jan 10 21:03:04,certificates
Jan 10 21:03:04,sha1
Jan 10 21:03:04,found
Jan 10 21:03:04,selinux
Jan 10 21:03:04,SMACK64
Jan 10 21:03:04,SMACK64EXEC
Jan 10 21:03:04,SMACK64TRANSMUTE
Jan 10 21:03:04,SMACK64MMAP
Jan 10 21:03:04,apparmor
Jan 10 21:03:04,ima
Jan 10 21:03:04,capability
Jan 10 21:03:04,0x1
Jan 10 21:03:04,28
Jan 10 21:03:04,clocks
Jan 10 21:03:04,2036K
Jan 10 21:03:04,4792K
Jan 10 21:03:04,34816k
Jan 10 21:03:04,1156K
Jan 10 21:03:04,process
Jan 10 21:03:04,init
Jan 10 21:03:04,splash
Jan 10 21:03:04,linux
Jan 10 21:03:04,generic
Jan 10 21:03:04,00
Jan 10 21:03:04,0
Jan 10 21:03:04,Tablet
Jan 10 21:03:04,VirtualBox
Jan 10 21:03:04,input4
Jan 10 21:03:04,Driver
Jan 10 21:03:04,0
Jan 10 21:03:04,0
Jan 10 21:03:04,disabled
Jan 10 21:03:04,mode
Jan 10 21:03:04,ahci
Jan 10 21:03:04,21
Jan 10 21:03:04,Kosina
Jan 10 21:03:04,input5
Jan 10 21:03:04,133
Jan 10 21:03:04,133
Jan 10 21:03:04,5
Jan 10 21:03:04,off
Jan 10 21:03:04,00
Jan 10 21:03:04,FUA
Jan 10 21:03:04,bytes
Jan 10 21:03:04,0
Jan 10 21:03:04,sda3
Jan 10 21:03:04,disk
Jan 10 21:03:04,usbhid
Jan 10 21:03:04,driver
Jan 10 21:03:04,input6
Jan 10 21:03:04,input0
Jan 10 21:03:04,d0
Jan 10 21:03:04,Connection
Jan 10 21:03:04,16
Jan 10 21:03:04,Connection
Jan 10 21:03:04,eth1
Jan 10 21:03:04,eth0
Jan 10 21:03:04,set
Jan 10 21:03:04,registered
Jan 10 21:03:04,FS
Jan 10 21:03:04,found
Jan 10 21:03:04,driver
Jan 10 21:03:04,console
Jan 10 21:03:04,80x25
Jan 10 21:03:04,kiB
Jan 10 21:03:04,kiB
Jan 10 21:03:04,kB
Jan 10 21:03:04,0
Jan 10 21:03:04,8192
Jan 10 21:03:04,1048576
Jan 10 21:03:04,kiB
Jan 10 21:03:04,initialized
Jan 10 21:03:04,0x00000355
Jan 10 21:03:04,0
Jan 10 21:03:04,device
Jan 10 21:03:04,160x50
Jan 10 21:03:04,device
Jan 10 21:03:04,8
Jan 10 21:03:04,129944
Jan 10 21:03:04,151296
Jan 10 21:03:04,485800
Jan 10 21:03:04,716176
Jan 10 21:03:04,994336
Jan 10 21:03:04,187776
Jan 10 21:03:04,25240
Jan 10 21:03:04,109072
Jan 10 21:03:04,904
Jan 10 21:03:04,0x8000000f
Jan 10 21:03:04,milliseconds
Jan 10 21:03:04,input7
Jan 10 21:03:04,1000
Jan 10 21:03:04,enabled
Jan 10 21:03:04,package
Jan 10 21:03:04,core
Jan 10 21:03:04,48000
Jan 10 21:03:04,in
Jan 10 21:03:04,device
Jan 10 21:03:04,00
Jan 10 21:03:04,clusters
Jan 10 21:03:04,AppArmor
Jan 10 21:03:04,profiles
Jan 10 21:03:04,e06d44b80b8f1d39a95c0b0d7c65d08458e880409bbc683457104237c7f8ec8d
Jan 10 21:03:04,test
Jan 10 21:03:04,rsyslogd
Jan 10 21:03:04,10
Jan 10 21:03:04,layer
Jan 10 21:03:04,loaded
Jan 10 21:03:04,off
Jan 10 21:03:04,sequentially
Jan 10 21:03:04,starting
Jan 10 21:03:04,111
Jan 10 21:03:04,104
Jan 10 21:03:04,start
Jan 10 21:03:04,down
Jan 10 21:03:04,file
Jan 10 21:03:05,implemented
Jan 10 21:03:05,apport
Jan 10 21:03:05,enabled
Jan 10 21:03:05,2
Jan 10 21:03:05,wpa_supplicant
Jan 10 21:03:06,hostnamed
Jan 10 21:03:07,resolved
Jan 10 21:03:07,directory
Jan 10 21:03:07,enabled
Jan 10 21:03:07,enabled
Jan 10 21:03:07,file
Jan 10 21:03:07,file
Jan 10 21:03:07,file
Jan 10 21:03:07,plugin
Jan 10 21:03:07,unmanaged
Jan 10 21:03:07,exist
Jan 10 21:03:07,connected
Jan 10 21:03:08,RX
Jan 10 21:03:08,RX
Jan 10 21:03:08,ifstate
Jan 10 21:03:08,connected
Jan 10 21:03:08,connected
Jan 10 21:03:08,CONNECTING
Jan 10 21:03:08,5
Jan 10 21:03:08,15
Jan 10 21:03:08,107
Jan 10 21:03:08,DNS
Jan 10 21:03:08,yes
Jan 10 21:03:08,254
Jan 10 21:03:08,CONNECTED_SITE
Jan 10 21:03:08,complete
Jan 10 21:03:09,bus
Jan 10 21:03:09,available
Jan 10 21:03:09,available
Jan 10 21:03:09,lock
Jan 10 21:03:09,suppressed
Jan 10 21:03:10,iw
Jan 10 21:03:10,file
Jan 10 21:03:10,file
Jan 10 21:03:10,CONNECTED_GLOBAL
Jan 10 21:03:10,a
Jan 10 21:03:10,trigger_all
Jan 10 21:03:10,handle_state
Jan 10 21:03:10,a
Jan 10 21:03:10,a
Jan 10 21:03:10,trigger_all
Jan 10 21:03:10,handle_state
Jan 10 21:03:10,a
Jan 10 21:03:10,a
Jan 10 21:03:10,trigger_all
Jan 10 21:03:10,handle_state
Jan 10 21:03:10,a
Jan 10 21:03:10,8
Jan 10 21:03:11,available
Jan 10 21:03:12,plugin
Jan 10 21:03:12,plugin
Jan 10 21:03:12,enabled
Jan 10 21:03:14,failed
Jan 10 21:03:14,failed
Jan 10 21:03:14,failed
Jan 10 21:03:14,failed
Jan 10 21:03:16,FAILURE
Jan 10 21:03:17,server
Jan 10 21:03:26,accelerated
Jan 10 21:03:26,screen
Jan 10 21:03:26,screen
Jan 10 21:03:26,primary
Jan 10 21:03:28,deprecated
Jan 10 21:03:28,deprecated
Jan 10 21:03:28,screen
Jan 10 21:03:28,screen
Jan 10 21:03:31,c1
Jan 10 21:03:35,loaded
Jan 10 21:03:35,loaded
Jan 10 21:03:35,loaded
Jan 10 21:03:35,start
Jan 10 21:03:35,directory
Jan 10 21:03:35,Registry
Jan 10 21:03:35,9
Jan 10 21:03:35,registered
Jan 10 21:03:35,disabled
Jan 10 21:03:35,geolocation
Jan 10 21:03:35,1
Jan 10 21:03:35,1
Jan 10 21:03:35,1
Jan 10 21:03:36,sw
Jan 10 21:03:40,23
Jan 10 21:03:40,server
Jan 10 21:03:40,GDM
Jan 10 21:03:42,small
Jan 10 21:03:42,exiting
Jan 10 21:03:42,repeat
Jan 10 21:03:42,hibernate
Jan 10 21:03:42,state
Jan 10 21:03:42,directory
Jan 10 21:03:42,0
Jan 10 21:03:42,output
Jan 10 21:03:42,output
Jan 10 21:03:44,starting
Jan 10 21:03:55,enabled
Jan 10 21:03:56,enabled
Jan 10 21:04:01,ssh
Jan 10 21:04:01,ssh
Jan 10 21:04:01,keyring
Jan 10 21:04:01,found
Jan 10 21:04:01,ssh
Jan 10 21:04:01,ssh
Jan 10 21:04:01,ssh
Jan 10 21:04:02,server
Jan 10 21:04:02,accelerated
Jan 10 21:04:02,screen
Jan 10 21:04:02,screen
Jan 10 21:04:02,primary
Jan 10 21:04:02,failed
Jan 10 21:04:04,2
Jan 10 21:04:04,starting
Jan 10 21:04:06,Registry
Jan 10 21:04:07,exiting
Jan 10 21:04:07,dev
Jan 10 21:04:07,state
Jan 10 21:04:07,disabled
Jan 10 21:04:07,client
Jan 10 21:04:07,manager
Jan 10 21:04:07,registered
Jan 10 21:04:07,geolocation
Jan 10 21:04:10,repeat
Jan 10 21:04:10,hibernate
Jan 10 21:04:10,output
Jan 10 21:04:10,output
Jan 10 21:04:10,output
Jan 10 21:04:10,GDM
Jan 10 21:04:11,failed
Jan 10 21:04:14,thumbnails
Jan 10 21:04:15,6
Jan 10 21:04:15,Yaru
Jan 10 21:04:15,installed
Jan 10 21:04:21,made
Jan 10 21:04:21,OK
Jan 10 21:04:21,a
Jan 10 21:04:21,FAILURE
Jan 10 21:05:11,available
Jan 10 21:05:11,livepatch
Jan 10 21:08:10,107
Jan 10 21:13:10,107
Jan 10 21:15:44,exiting
Jan 10 21:18:05,started
Jan 10 21:18:05,terminated
Jan 10 21:18:10,107
Jan 10 21:23:10,107
Jan 10 21:28:10,107
Jan 10 21:30:21,0
Jan 10 21:30:21,denied
Jan 10 21:30:21,denied
Jan 10 21:30:21,0
Jan 10 21:30:24,deprecated
Jan 10 21:30:24,deprecated
Jan 10 21:30:24,screen
Jan 10 21:30:24,screen
Jan 10 21:30:24,sw
Jan 10 21:30:24,server
Jan 10 21:30:29,0x50000
Jan 10 21:30:35,userd
Jan 10 21:33:10,107
Jan 10 21:33:10,10
Jan 10 21:38:10,107
Jan 10 21:38:14,None
Jan 10 21:38:15,True
Jan 10 21:38:15,None
Jan 10 21:41:33,None
Jan 10 21:41:33,True
Jan 10 21:41:33,None
Jan 10 21:43:10,107
Jan 10 21:48:10,107
Jan 10 21:49:54,output
Jan 10 21:51:06,None
Jan 10 21:51:06,True
Jan 10 21:51:07,None
Jan 10 21:53:10,107
Jan 10 21:54:57,None
Jan 10 21:54:58,True
Jan 10 21:54:58,None
Jan 10 21:54:59,d
Jan 10 21:58:10,107
Jan 10 22:00:29,None
Jan 10 22:00:30,True
Jan 10 22:00:31,None
Jan 10 22:00:31,None
Jan 10 22:01:47,None
Jan 10 22:01:48,True
Jan 10 22:01:48,None
Jan 10 22:01:48,None
Jan 10 22:02:59,None
Jan 10 22:03:00,True
